country_code,light_duty_transport,heavy_duty_transport,passenger_car_transport,motorcycle_transport,bus_transport
AUT,422745,53582,4978852,536964,10037
ALB,60036,10864,460027,24498,7146
BEL,759406,96690,5853782,490495,16125
BGR,348667,38519,2773325,112388,20818
CHE,374819,42174,4666278,739344,14395
CYP,98533,10511,550695,28183,3084
CZE,441303,264959,5747913,1132085,22027
DEU,2616118,531849,47095784,4284918,80519
DNK,389461,28124,2594482,160823,13158
ESP,3466479,351702,25304190,3520005,65599
EST,83313,26102,746464,34629,5026
FIN,465024,155868,3470507,272168,18467
FRA,4854678,306298,38229305,2205578,90807
GBR,4003781,364877,31517597,1193841,154990
GRC,1151020,208280,5282695,1583491,26743
HRV,137049,32126,1666413,73997,5877
HUN,444588,49017,3641823,176070,19134
IRL,317798,23526,2182920,38260,12500
ISL,28065,12484,267467,10832,3146
ITA,3556816,573475,39018170,6780733,100042
LTU,64345,25409,1430520,33666,7925
LUX,34833,5348,415145,24054,2042
LVA,57146,17283,707841,23713,4885
MNE,13440,2718,206453,5655,1459
MKD,31339,5671,415062,13343,3201
NLD,903005,61652,8442982,646046,9513
NOR,491649,64365,2751949,192536,15634
POL,2649198,688968,19911107,1502888,89905
PRT,1267647,51908,5282970,447876,15493
ROU,753029,142414,6452536,129657,51802
SRB,193827,35073,1999771,40695,9880
SWE,570252,70617,4869979,300356,14377
SVN,93484,16916,1143150,67145,2834
SVK,248873,45034,2321608,110141,9363
BIH,57805,21268,919226,10552,5212
