year,value,category,vehicle_type,cost_class
2020,45213,passenger_car_transport,ev,inv
2025,36216,passenger_car_transport,ev,inv
2030,31634,passenger_car_transport,ev,inv
2035,29237,passenger_car_transport,ev,inv
2040,27859,passenger_car_transport,ev,inv
2020,65770,passenger_car_transport,fcev,inv
2025,38694,passenger_car_transport,fcev,inv
2030,33023,passenger_car_transport,fcev,inv
2035,30730,passenger_car_transport,fcev,inv
2040,28619,passenger_car_transport,fcev,inv
2020,23500,passenger_car_transport,icev,inv
2025,23500,passenger_car_transport,icev,inv
2030,23500,passenger_car_transport,icev,inv
2035,23500,passenger_car_transport,icev,inv
2040,23500,passenger_car_transport,icev,inv
2020,52599,light_duty_transport,ev,inv
2025,43078,light_duty_transport,ev,inv
2030,38184,light_duty_transport,ev,inv
2035,35657,light_duty_transport,ev,inv
2040,34279,light_duty_transport,ev,inv
2020,88766,light_duty_transport,fcev,inv
2025,51748,light_duty_transport,fcev,inv
2030,43775,light_duty_transport,fcev,inv
2035,40753,light_duty_transport,fcev,inv
2040,38671,light_duty_transport,fcev,inv
2020,35500,light_duty_transport,icev,inv
2025,35500,light_duty_transport,icev,inv
2030,35500,light_duty_transport,icev,inv
2035,35500,light_duty_transport,icev,inv
2040,35500,light_duty_transport,icev,inv
2020,0.031,passenger_car_transport,ev,om_var
2025,0.031,passenger_car_transport,ev,om_var
2030,0.031,passenger_car_transport,ev,om_var
2035,0.031,passenger_car_transport,ev,om_var
2040,0.031,passenger_car_transport,ev,om_var
2020,0.05,passenger_car_transport,fcev,om_var
2025,0.05,passenger_car_transport,fcev,om_var
2030,0.05,passenger_car_transport,fcev,om_var
2035,0.05,passenger_car_transport,fcev,om_var
2040,0.05,passenger_car_transport,fcev,om_var
2020,0.062,passenger_car_transport,icev,om_var
2025,0.062,passenger_car_transport,icev,om_var
2030,0.062,passenger_car_transport,icev,om_var
2035,0.062,passenger_car_transport,icev,om_var
2040,0.062,passenger_car_transport,icev,om_var
2020,0.031,light_duty_transport,ev,om_var
2025,0.031,light_duty_transport,ev,om_var
2030,0.031,light_duty_transport,ev,om_var
2035,0.031,light_duty_transport,ev,om_var
2040,0.031,light_duty_transport,ev,om_var
2020,0.05,light_duty_transport,fcev,om_var
2025,0.05,light_duty_transport,fcev,om_var
2030,0.05,light_duty_transport,fcev,om_var
2035,0.05,light_duty_transport,fcev,om_var
2040,0.05,light_duty_transport,fcev,om_var
2020,0.062,light_duty_transport,icev,om_var
2025,0.062,light_duty_transport,icev,om_var
2030,0.062,light_duty_transport,icev,om_var
2035,0.062,light_duty_transport,icev,om_var
2040,0.062,light_duty_transport,icev,om_var