locs,length_km
AUT_1,472.7
AUT_2,672
AUT_3,433.6
BEL_1,729.7
CHE_1,292.2
CHE_2,235.4
DEU_1,1112.1
DEU_2,802
DEU_3,781.2
DEU_4,506.1
DEU_5,777.4
DEU_6,386.7
DEU_7,1257.3
ESP_1,377.6
ESP_10,511.2
ESP_11,818.2
ESP_2,595.3
ESP_3,676.5
ESP_4,393.4
ESP_5,405.1
ESP_6,476
ESP_7,202.7
ESP_8,762.7
ESP_9,687.3
FRA_1,566.1
FRA_10,374.8
FRA_11,780.7
FRA_12,798.9
FRA_13,473.6
FRA_14,108
FRA_15,0
FRA_2,336.6
FRA_3,499.1
FRA_4,559.3
FRA_5,613.4
FRA_6,227.9
FRA_7,241
FRA_8,342.9
FRA_9,74.4
GBR_1,560.7
GBR_2,0
GBR_3,374.6
GBR_4,251.2
GBR_5,39.3
GBR_6,60.2
IRL_1,539.9
ITA_1,2584.2
ITA_2,558.6
ITA_3,734.8
ITA_4,657.2
ITA_5,232.3
ITA_6,0
LUX_1,37.9
NLD_1,536.4
PRT_1,454.9
PRT_2,558.8
